﻿날짜,시간,제품명,재고유무
2021-06-29,15:31,"California Gold Nutrition, Omega 800 제약 등급 피쉬 오일, EPA/DHA 80%, 트라이글리세라이드 형태, 1,000mg, 피쉬 젤라틴 소프트젤 90정",재고 없음
2021-06-29,15:31,"California Gold Nutrition, Omega 800 제약 등급 피쉬 오일, EPA/DHA 80%, 1,000mg, 피쉬 젤라틴 소프트젤 30정",재고 있음
2021-06-29,15:31,"California Gold Nutrition, LactoBif 프로바이오틱, 300억 CFU, 베지 캡슐 60정",재고 있음
2021-06-29,15:31,"California Gold Nutrition, Omega 800 제약 등급 피쉬 오일, EPA/DHA 80%, 트라이글리세라이드 형태, 1,000mg, 피쉬 젤라틴 소프트젤 90정",재고 없음
2021-06-29,15:31,"California Gold Nutrition, Omega 800 제약 등급 피쉬 오일, EPA/DHA 80%, 1,000mg, 피쉬 젤라틴 소프트젤 30정",재고 있음
2021-06-29,15:31,"California Gold Nutrition, LactoBif 프로바이오틱, 300억 CFU, 베지 캡슐 60정",재고 있음
2021-06-29,15:31,"California Gold Nutrition, Omega 800 제약 등급 피쉬 오일, EPA/DHA 80%, 트라이글리세라이드 형태, 1,000mg, 피쉬 젤라틴 소프트젤 90정",재고 없음
2021-06-29,15:31,"California Gold Nutrition, Omega 800 제약 등급 피쉬 오일, EPA/DHA 80%, 1,000mg, 피쉬 젤라틴 소프트젤 30정",재고 있음
2021-06-29,15:31,"California Gold Nutrition, LactoBif 프로바이오틱, 300억 CFU, 베지 캡슐 60정",재고 있음
